continent;location;date;total_cases;new_cases;new_cases_smoothed;total_deaths;new_deaths;new_deaths_smoothed;total_cases_per_million;new_cases_per_million;new_cases_smoothed_per_million;total_deaths_per_million;new_deaths_per_million;new_deaths_smoothed_per_million;reproduction_rate;icu_patients;icu_patients_per_million;hosp_patients;hosp_patients_per_million;weekly_icu_admissions;weekly_icu_admissions_per_million;weekly_hosp_admissions;weekly_hosp_admissions_per_million;new_tests;total_tests;total_tests_per_thousand;new_tests_per_thousand;new_tests_smoothed;new_tests_smoothed_per_thousand;positive_rate;tests_per_case;tests_units;total_vaccinations;people_vaccinated;people_fully_vaccinated;total_boosters;new_vaccinations;new_vaccinations_smoothed;total_vaccinations_per_hundred;people_vaccinated_per_hundred;people_fully_vaccinated_per_hundred;total_boosters_per_hundred;new_vaccinations_smoothed_per_million;new_people_vaccinated_smoothed;new_people_vaccinated_smoothed_per_hundred;stringency_index;population;population_density;median_age;aged_65_older;aged_70_older;gdp_per_capita;extreme_poverty;cardiovasc_death_rate;diabetes_prevalence;female_smokers;male_smokers;handwashing_facilities;hospital_beds_per_thousand;life_expectancy;human_development_index;excess_mortality_cumulative_absolute;excess_mortality_cumulative;excess_mortality;excess_mortality_cumulative_per_million
North America;Bahamas;30.06.2021;12586.0;0.0;25.571;246.0;0.0;0.286;31709.64;0.0;64.426;619.782;0.0;0.72;sty.29;;;;;;;;;;;;;;;;;;;;;;;1193.0;;;;;3006.0;393.0;0.099;44.91;396914.0;39.497;34.3;8.996;05.lut;27717.847;;235.954;13.17;03.sty;20.kwi;;02.wrz;73.92;0.814;;;;
North America;Bahamas;01.07.2021;12735.0;149.0;46.857;246.0;0.0;0.286;32085.036;375.396;118.054;619.782;0.0;0.72;sty.29;;;;;;;;;;;;;;;;;;;;;;;1069.0;;;;;2693.0;352.0;0.089;51.39;396914.0;39.497;34.3;8.996;05.lut;27717.847;;235.954;13.17;03.sty;20.kwi;;02.wrz;73.92;0.814;;;;
North America;Bahamas;02.07.2021;12735.0;0.0;38.286;246.0;0.0;0.143;32085.036;0.0;96.458;619.782;0.0;0.36;sty.28;;;;;;;;;;;;;;;;;;95992.0;59731.0;36261.0;;;945.0;24.18;15.maj;wrz.14;;2381.0;310.0;0.078;51.39;396914.0;39.497;34.3;8.996;05.lut;27717.847;;235.954;13.17;03.sty;20.kwi;;02.wrz;73.92;0.814;;;;
North America;Bahamas;03.07.2021;12735.0;0.0;38.286;246.0;0.0;0.143;32085.036;0.0;96.458;619.782;0.0;0.36;sty.28;;;;;;;;;;;;;;;;;;;;;;;739.0;;;;;1862.0;240.0;0.06;51.39;396914.0;39.497;34.3;8.996;05.lut;27717.847;;235.954;13.17;03.sty;20.kwi;;02.wrz;73.92;0.814;;;;
North America;Bahamas;04.07.2021;12735.0;0.0;38.286;246.0;0.0;0.143;32085.036;0.0;96.458;619.782;0.0;0.36;sty.28;;;;;;;;;;;;;;;;;;;;;;;658.0;;;;;1658.0;212.0;0.053;51.39;396914.0;39.497;34.3;8.996;05.lut;27717.847;;235.954;13.17;03.sty;20.kwi;;02.wrz;73.92;0.814;;;;
North America;Bahamas;05.07.2021;12808.0;73.0;48.714;246.0;0.0;0.143;32268.955;183.919;122.733;619.782;0.0;0.36;sty.28;;;;;;;;;;;;;;;;;;;;;;;576.0;;;;;1451.0;184.0;0.046;51.39;396914.0;39.497;34.3;8.996;05.lut;27717.847;;235.954;13.17;03.sty;20.kwi;;02.wrz;73.92;0.814;;;;
North America;Bahamas;06.07.2021;12889.0;81.0;43.286;251.0;5.0;0.714;32473.029;204.074;109.056;632.379;12.597;01.sie;sty.28;;;;;;;;;;;;;;;;;;;;;;;495.0;;;;;1247.0;156.0;0.039;51.39;396914.0;39.497;34.3;8.996;05.lut;27717.847;;235.954;13.17;03.sty;20.kwi;;02.wrz;73.92;0.814;;;;
North America;Bahamas;07.07.2021;12965.0;76.0;54.143;252.0;1.0;0.857;32664.507;191.477;136.41;634.898;2.519;lut.16;sty.28;;;;;;;;;;;;;;;;;;;;;;;413.0;;;;;1041.0;128.0;0.032;51.39;396914.0;39.497;34.3;8.996;05.lut;27717.847;;235.954;13.17;03.sty;20.kwi;;02.wrz;73.92;0.814;;;;
North America;Bahamas;08.07.2021;13024.0;59.0;41.286;252.0;0.0;0.857;32813.153;148.647;104.017;634.898;0.0;lut.16;sty.27;;;;;;;;;;;;;;;;;;;;;;;332.0;;;;;836.0;100.0;0.025;51.39;396914.0;39.497;34.3;8.996;05.lut;27717.847;;235.954;13.17;03.sty;20.kwi;;02.wrz;73.92;0.814;;;;
North America;Bahamas;09.07.2021;13024.0;0.0;41.286;252.0;0.0;0.857;32813.153;0.0;104.017;634.898;0.0;lut.16;sty.27;;;;;;;;;;;;;;;;;;;;;;;250.0;;;;;630.0;72.0;0.018;51.39;396914.0;39.497;34.3;8.996;05.lut;27717.847;;235.954;13.17;03.sty;20.kwi;;02.wrz;73.92;0.814;;;;
North America;Bahamas;10.07.2021;13024.0;0.0;41.286;252.0;0.0;0.857;32813.153;0.0;104.017;634.898;0.0;lut.16;sty.27;;;;;;;;;;;;;;;;;;97992.0;60303.0;37689.0;;;250.0;24.69;15.19;09.maj;;630.0;72.0;0.018;51.39;396914.0;39.497;34.3;8.996;05.lut;27717.847;;235.954;13.17;03.sty;20.kwi;;02.wrz;73.92;0.814;;;;
North America;Bahamas;11.07.2021;13024.0;0.0;41.286;252.0;0.0;0.857;32813.153;0.0;104.017;634.898;0.0;lut.16;sty.28;;;;;;;;;;;;;;;;;;;;;;;250.0;;;;;630.0;63.0;0.016;51.39;396914.0;39.497;34.3;8.996;05.lut;27717.847;;235.954;13.17;03.sty;20.kwi;;02.wrz;73.92;0.814;;;;
North America;Bahamas;12.07.2021;13024.0;0.0;30.857;252.0;0.0;0.857;32813.153;0.0;77.743;634.898;0.0;lut.16;sty.28;;;;;;;;;;;;;;;;;;;;;;;251.0;;;;;632.0;55.0;0.014;51.39;396914.0;39.497;34.3;8.996;05.lut;27717.847;;235.954;13.17;03.sty;20.kwi;;02.wrz;73.92;0.814;;;;
North America;Bahamas;13.07.2021;13233.0;209.0;49.143;254.0;2.0;0.429;33339.716;526.562;123.812;639.937;5.039;01.sie;01.mar;;;;;;;;;;;;;;;;;;;;;;;251.0;;;;;632.0;46.0;0.012;51.39;396914.0;39.497;34.3;8.996;05.lut;27717.847;;235.954;13.17;03.sty;20.kwi;;02.wrz;73.92;0.814;;;;
North America;Bahamas;14.07.2021;13274.0;41.0;44.143;256.0;2.0;0.571;33443.013;103.297;111.215;644.976;5.039;sty.44;sty.29;;;;;;;;;;;;;;;;;;;;;;;251.0;;;;;632.0;38.0;0.01;51.39;396914.0;39.497;34.3;8.996;05.lut;27717.847;;235.954;13.17;03.sty;20.kwi;;02.wrz;73.92;0.814;;;;
North America;Bahamas;15.07.2021;13274.0;0.0;35.714;256.0;0.0;0.571;33443.013;0.0;89.98;644.976;0.0;sty.44;sty.28;;;;;;;;;;;;;;;;;;;;;;;251.0;;;;;632.0;29.0;0.007;51.39;396914.0;39.497;34.3;8.996;05.lut;27717.847;;235.954;13.17;03.sty;20.kwi;;02.wrz;73.92;0.814;;;;
North America;Bahamas;16.07.2021;13404.0;130.0;54.286;273.0;17.0;3.0;33770.54;327.527;136.769;687.806;42.83;7.558;sty.28;;;;;;;;;;;;;;;;;;;;;;;252.0;;;;;635.0;21.0;0.005;51.39;396914.0;39.497;34.3;8.996;05.lut;27717.847;;235.954;13.17;03.sty;20.kwi;;02.wrz;73.92;0.814;;;;
North America;Bahamas;17.07.2021;13404.0;0.0;54.286;273.0;0.0;3.0;33770.54;0.0;136.769;687.806;0.0;7.558;sty.26;;;;;;;;;;;;;;;;;;99755.0;60389.0;39366.0;;;252.0;25.13;15.21;wrz.92;;635.0;12.0;0.003;51.39;396914.0;39.497;34.3;8.996;05.lut;27717.847;;235.954;13.17;03.sty;20.kwi;;02.wrz;73.92;0.814;;;;
North America;Bahamas;18.07.2021;13404.0;0.0;54.286;273.0;0.0;3.0;33770.54;0.0;136.769;687.806;0.0;7.558;sty.25;;;;;;;;;;;;;;;;;;;;;;;285.0;;;;;718.0;14.0;0.004;51.39;396914.0;39.497;34.3;8.996;05.lut;27717.847;;235.954;13.17;03.sty;20.kwi;;02.wrz;73.92;0.814;;;;
North America;Bahamas;19.07.2021;13566.0;162.0;77.429;273.0;0.0;3.0;34178.689;408.149;195.076;687.806;0.0;7.558;sty.24;;;;;;;;;;;;;;;;;;;;;;;319.0;;;;;804.0;16.0;0.004;51.39;396914.0;39.497;34.3;8.996;05.lut;27717.847;;235.954;13.17;03.sty;20.kwi;;02.wrz;73.92;0.814;;;;
North America;Bahamas;20.07.2021;13604.0;38.0;53.0;274.0;1.0;2.857;34274.427;95.739;133.53;690.326;2.519;7.198;sty.23;;;;;;;;;;;;;;;;;;;;;;;353.0;;;;;889.0;19.0;0.005;51.39;396914.0;39.497;34.3;8.996;05.lut;27717.847;;235.954;13.17;03.sty;20.kwi;;02.wrz;73.92;0.814;;;;
North America;Bahamas;21.07.2021;13781.0;177.0;72.429;274.0;0.0;2.571;34720.368;445.94;182.479;690.326;0.0;6.479;sty.22;;;;;;;;;;;;;;;;;;;;;;;386.0;;;;;973.0;21.0;0.005;51.39;396914.0;39.497;34.3;8.996;05.lut;27717.847;;235.954;13.17;03.sty;20.kwi;;02.wrz;73.92;0.814;;;;
North America;Bahamas;22.07.2021;13781.0;0.0;72.429;274.0;0.0;2.571;34720.368;0.0;182.479;690.326;0.0;6.479;01.lut;;;;;;;;;;;;;;;;;;;;;;;420.0;;;;;1058.0;23.0;0.006;51.39;396914.0;39.497;34.3;8.996;05.lut;27717.847;;235.954;13.17;03.sty;20.kwi;;02.wrz;73.92;0.814;;;;
North America;Bahamas;23.07.2021;13781.0;0.0;53.857;274.0;0.0;0.143;34720.368;0.0;135.69;690.326;0.0;0.36;sty.19;;;;;;;;;;;;;;;;;;;;;;;453.0;;;;;1141.0;25.0;0.006;51.39;396914.0;39.497;34.3;8.996;05.lut;27717.847;;235.954;13.17;03.sty;20.kwi;;02.wrz;73.92;0.814;;;;
North America;Bahamas;24.07.2021;13781.0;0.0;53.857;274.0;0.0;0.143;34720.368;0.0;135.69;690.326;0.0;0.36;sty.18;;;;;;;;;;;;;;;;;;103164.0;60578.0;43943.0;;;487.0;25.99;15.26;11.lip;;1227.0;27.0;0.007;51.39;396914.0;39.497;34.3;8.996;05.lut;27717.847;;235.954;13.17;03.sty;20.kwi;;02.wrz;73.92;0.814;;;;
North America;Bahamas;25.07.2021;13781.0;0.0;53.857;274.0;0.0;0.143;34720.368;0.0;135.69;690.326;0.0;0.36;sty.17;;;;;;;;;;;;;;;;;;;;;;;450.0;;;;;1134.0;23.0;0.006;51.39;396914.0;39.497;34.3;8.996;05.lut;27717.847;;235.954;13.17;03.sty;20.kwi;;02.wrz;73.92;0.814;;;;
North America;Bahamas;26.07.2021;14252.0;471.0;98.0;284.0;10.0;1.571;35907.023;1186.655;246.905;715.52;25.194;3.959;sty.17;;;;;;;;;;;;;;;;;;;;;;;412.0;;;;;1038.0;19.0;0.005;57.41;396914.0;39.497;34.3;8.996;05.lut;27717.847;;235.954;13.17;03.sty;20.kwi;;02.wrz;73.92;0.814;;;;
North America;Bahamas;27.07.2021;14252.0;0.0;92.571;284.0;0.0;1.429;35907.023;0.0;233.228;715.52;0.0;3.599;sty.17;;;;;;;;;;;;;;;;;;;;;;;375.0;;;;;945.0;15.0;0.004;57.41;396914.0;39.497;34.3;8.996;05.lut;27717.847;;235.954;13.17;03.sty;20.kwi;;02.wrz;73.92;0.814;;;;
North America;Bahamas;28.07.2021;14457.0;205.0;96.571;286.0;2.0;1.714;36423.507;516.485;243.306;720.559;5.039;4.319;sty.17;;;;;;;;;;;;;;;;;;;;;;;338.0;;;;;852.0;12.0;0.003;57.41;396914.0;39.497;34.3;8.996;05.lut;27717.847;;235.954;13.17;03.sty;20.kwi;;02.wrz;73.92;0.814;;;;
North America;Bahamas;29.07.2021;14545.0;88.0;109.143;286.0;0.0;1.714;36645.218;221.71;274.979;720.559;0.0;4.319;sty.17;;;;;;;;;;;;;;;;;;;;;;;301.0;;;;;758.0;8.0;0.002;57.41;396914.0;39.497;34.3;8.996;05.lut;27717.847;;235.954;13.17;03.sty;20.kwi;;02.wrz;73.92;0.814;;;;
North America;Bahamas;30.07.2021;14677.0;132.0;128.0;286.0;0.0;1.714;36977.784;332.566;322.488;720.559;0.0;4.319;sty.16;;;;;;;;;;;;;;;;;;104521.0;60578.0;43943.0;;;263.0;26.33;15.26;11.lip;;663.0;4.0;0.001;57.41;396914.0;39.497;34.3;8.996;05.lut;27717.847;;235.954;13.17;03.sty;20.kwi;;02.wrz;73.92;0.814;;;;
North America;Bahamas;31.07.2021;14840.0;163.0;151.286;287.0;1.0;1.857;37388.452;410.668;381.155;723.079;2.519;4.679;sty.16;;;;;;;;;;;;;;;;;;106898.0;61803.0;46793.0;;2377.0;533.0;26.93;15.57;lis.79;;1343.0;175.0;0.044;57.41;396914.0;39.497;34.3;8.996;05.lut;27717.847;;235.954;13.17;03.sty;20.kwi;;02.wrz;73.92;0.814;;;;
North America;Bahamas;01.08.2021;14840.0;0.0;151.286;287.0;0.0;1.857;37388.452;0.0;381.155;723.079;0.0;4.679;sty.15;;;;;;;;;;;;;;;;;;;;;;;542.0;;;;;1366.0;175.0;0.044;57.41;396914.0;39.497;34.3;8.996;05.lut;27717.847;;235.954;13.17;03.sty;20.kwi;;02.wrz;73.92;0.814;;;;
North America;Bahamas;02.08.2021;14840.0;0.0;84.0;287.0;0.0;0.429;37388.452;0.0;211.633;723.079;0.0;01.sie;sty.14;;;;;;;;;;;;;;;;;;;;;;;550.0;;;;;1386.0;175.0;0.044;55.56;396914.0;39.497;34.3;8.996;05.lut;27717.847;;235.954;13.17;03.sty;20.kwi;;02.wrz;73.92;0.814;;;;
North America;Bahamas;03.08.2021;15011.0;171.0;108.429;291.0;4.0;1.0;37819.276;430.824;273.179;733.156;10.078;2.519;sty.15;;;;;;;;;;;;;;;;;;;;;;;558.0;;;;;1406.0;175.0;0.044;55.56;396914.0;39.497;34.3;8.996;05.lut;27717.847;;235.954;13.17;03.sty;20.kwi;;02.wrz;73.92;0.814;;;;
North America;Bahamas;04.08.2021;15124.0;113.0;95.286;292.0;1.0;0.857;38103.972;284.696;240.066;735.676;2.519;lut.16;sty.15;;;;;;;;;;;;;;;;;;;;;;;566.0;;;;;1426.0;175.0;0.044;55.56;396914.0;39.497;34.3;8.996;05.lut;27717.847;;235.954;13.17;03.sty;20.kwi;;02.wrz;73.92;0.814;;;;
North America;Bahamas;05.08.2021;15191.0;67.0;92.286;295.0;3.0;1.286;38272.774;168.802;232.508;743.234;7.558;3.239;sty.16;;;;;;;;;;;;;;;;;;;;;;;574.0;;;;;1446.0;175.0;0.044;55.56;396914.0;39.497;34.3;8.996;05.lut;27717.847;;235.954;13.17;03.sty;20.kwi;;02.wrz;73.92;0.814;;;;
North America;Bahamas;06.08.2021;15419.0;228.0;106.0;295.0;0.0;1.286;38847.206;574.432;267.06;743.234;0.0;3.239;sty.16;;;;;;;;;;;;;;;;;;108596.0;61803.0;46793.0;;;582.0;27.36;15.57;lis.79;;1466.0;175.0;0.044;55.56;396914.0;39.497;34.3;8.996;05.lut;27717.847;;235.954;13.17;03.sty;20.kwi;;02.wrz;73.92;0.814;;;;
North America;Bahamas;07.08.2021;15419.0;0.0;82.714;295.0;0.0;1.143;38847.206;0.0;208.393;743.234;0.0;2.879;sty.16;;;;;;;;;;;;;;;;;;;;;;;331.0;;;;;834.0;50.0;0.013;55.56;396914.0;39.497;34.3;8.996;05.lut;27717.847;;235.954;13.17;03.sty;20.kwi;;02.wrz;73.92;0.814;;;;
North America;Bahamas;08.08.2021;15537.0;118.0;99.571;304.0;9.0;2.429;39144.5;297.294;250.864;765.909;22.675;6.119;sty.16;;;;;;;;;;;;;;;;;;;;;;;378.0;;;;;952.0;101.0;0.025;55.56;396914.0;39.497;34.3;8.996;05.lut;27717.847;;235.954;13.17;03.sty;20.kwi;;02.wrz;73.92;0.814;;;;
North America;Bahamas;09.08.2021;15794.0;257.0;136.286;307.0;3.0;2.857;39791.995;647.495;343.363;773.467;7.558;7.198;sty.16;;;;;;;;;;;;;;;;;;110443.0;62863.0;47580.0;;;426.0;27.83;15.84;lis.99;;1073.0;151.0;0.038;55.56;396914.0;39.497;34.3;8.996;05.lut;27717.847;;235.954;13.17;03.sty;20.kwi;;02.wrz;73.92;0.814;;;;
North America;Bahamas;10.08.2021;15915.0;121.0;129.143;308.0;1.0;2.429;40096.847;304.852;325.367;775.987;2.519;6.119;sty.15;;;;;;;;;;;;;;;;;;;;;;;502.0;;;;;1265.0;222.0;0.056;55.56;396914.0;39.497;34.3;8.996;05.lut;27717.847;;235.954;13.17;03.sty;20.kwi;;02.wrz;73.92;0.814;;;;
North America;Bahamas;11.08.2021;15915.0;0.0;113.0;308.0;0.0;2.286;40096.847;0.0;284.696;775.987;0.0;5.759;sty.15;;;;;;;;;;;;;;;;;;;;;;;579.0;;;;;1459.0;293.0;0.074;55.56;396914.0;39.497;34.3;8.996;05.lut;27717.847;;235.954;13.17;03.sty;20.kwi;;02.wrz;73.92;0.814;;;;
North America;Bahamas;12.08.2021;16141.0;226.0;135.714;311.0;3.0;2.286;40666.24;569.393;341.924;783.545;7.558;5.759;sty.15;;;;;;;;;;;;;;;;;;;;;;;656.0;;;;;1653.0;364.0;0.092;55.56;396914.0;39.497;34.3;8.996;05.lut;27717.847;;235.954;13.17;03.sty;20.kwi;;02.wrz;73.92;0.814;;;;
North America;Bahamas;13.08.2021;16141.0;0.0;103.143;311.0;0.0;2.286;40666.24;0.0;259.862;783.545;0.0;5.759;sty.15;;;;;;;;;;;;;;;;;;;;;;;733.0;;;;;1847.0;435.0;0.11;55.56;396914.0;39.497;34.3;8.996;05.lut;27717.847;;235.954;13.17;03.sty;20.kwi;;02.wrz;73.92;0.814;;;;
North America;Bahamas;14.08.2021;16141.0;0.0;103.143;311.0;0.0;2.286;40666.24;0.0;259.862;783.545;0.0;5.759;sty.16;;;;;;;;;;;;;;;;;;;;;;;762.0;;;;;1920.0;455.0;0.115;55.56;396914.0;39.497;34.3;8.996;05.lut;27717.847;;235.954;13.17;03.sty;20.kwi;;02.wrz;73.92;0.814;;;;
North America;Bahamas;15.08.2021;16141.0;0.0;86.286;311.0;0.0;1.0;40666.24;0.0;217.391;783.545;0.0;2.519;sty.16;;;;;;;;;;;;;;;;;;;;;;;792.0;;;;;1995.0;476.0;0.12;55.56;396914.0;39.497;34.3;8.996;05.lut;27717.847;;235.954;13.17;03.sty;20.kwi;;02.wrz;73.92;0.814;;;;
North America;Bahamas;16.08.2021;16668.0;527.0;124.857;313.0;2.0;0.857;41993.984;1327.744;314.57;788.584;5.039;lut.16;sty.17;;;;;;;;;;;;;;;;;;;;;;;821.0;;;;;2068.0;496.0;0.125;55.56;396914.0;39.497;34.3;8.996;05.lut;27717.847;;235.954;13.17;03.sty;20.kwi;;02.wrz;73.92;0.814;;;;
North America;Bahamas;17.08.2021;16668.0;0.0;107.571;313.0;0.0;0.714;41993.984;0.0;271.019;788.584;0.0;01.sie;sty.16;;;;;;;;;;;;;;;;;;;;;;;821.0;;;;;2068.0;496.0;0.125;55.56;396914.0;39.497;34.3;8.996;05.lut;27717.847;;235.954;13.17;03.sty;20.kwi;;02.wrz;73.92;0.814;;;;
North America;Bahamas;18.08.2021;16668.0;0.0;107.571;313.0;0.0;0.714;41993.984;0.0;271.019;788.584;0.0;01.sie;sty.15;;;;;;;;;;;;;;;;;;;;;;;821.0;;;;;2068.0;496.0;0.125;55.56;396914.0;39.497;34.3;8.996;05.lut;27717.847;;235.954;13.17;03.sty;20.kwi;;02.wrz;73.92;0.814;;;;
North America;Bahamas;19.08.2021;16848.0;180.0;101.0;316.0;3.0;0.714;42447.482;453.499;254.463;796.142;7.558;01.sie;sty.15;;;;;;;;;;;;;;;;;;;;;;;821.0;;;;;2068.0;496.0;0.125;55.56;396914.0;39.497;34.3;8.996;05.lut;27717.847;;235.954;13.17;03.sty;20.kwi;;02.wrz;73.92;0.814;;;;
North America;Bahamas;20.08.2021;16962.0;114.0;117.286;330.0;14.0;2.714;42734.698;287.216;295.494;831.414;35.272;6.838;sty.14;;;;;;;;;;;;;;;;;;119473.0;68323.0;51150.0;;;821.0;30.sty;17.21;gru.89;;2068.0;496.0;0.125;55.56;396914.0;39.497;34.3;8.996;05.lut;27717.847;;235.954;13.17;03.sty;20.kwi;;02.wrz;73.92;0.814;;;;
North America;Bahamas;21.08.2021;16962.0;0.0;117.286;330.0;0.0;2.714;42734.698;0.0;295.494;831.414;0.0;6.838;sty.14;;;;;;;;;;;;;;;;;;;;;;;1385.0;;;;;3489.0;811.0;0.204;55.56;396914.0;39.497;34.3;8.996;05.lut;27717.847;;235.954;13.17;03.sty;20.kwi;;02.wrz;73.92;0.814;;;;
North America;Bahamas;22.08.2021;16962.0;0.0;117.286;330.0;0.0;2.714;42734.698;0.0;295.494;831.414;0.0;6.838;sty.14;;;;;;;;;;;;;;;;;;129017.0;73726.0;55291.0;;;1950.0;32.51;18.57;13.93;;4913.0;1126.0;0.284;55.56;396914.0;39.497;34.3;8.996;05.lut;27717.847;;235.954;13.17;03.sty;20.kwi;;02.wrz;73.92;0.814;;;;
North America;Bahamas;23.08.2021;17386.0;424.0;102.571;338.0;8.0;3.571;43802.94;1068.241;258.422;851.57;20.155;8.998;sty.14;;;;;;;;;;;;;;;;;;;;;;;2254.0;;;;;5679.0;1490.0;0.375;52.31;396914.0;39.497;34.3;8.996;05.lut;27717.847;;235.954;13.17;03.sty;20.kwi;;02.wrz;73.92;0.814;;;;
North America;Bahamas;24.08.2021;17545.0;159.0;125.286;338.0;0.0;3.571;44203.53;400.591;315.65;851.57;0.0;8.998;sty.13;;;;;;;;;;;;;;;;;;;;;;;2559.0;;;;;6447.0;1853.0;0.467;52.31;396914.0;39.497;34.3;8.996;05.lut;27717.847;;235.954;13.17;03.sty;20.kwi;;02.wrz;73.92;0.814;;;;
North America;Bahamas;25.08.2021;17615.0;70.0;135.286;343.0;5.0;4.286;44379.891;176.361;340.844;864.167;12.597;10.798;01.gru;;;;;;;;;;;;;;;;;;;;;;;2864.0;;;;;7216.0;2217.0;0.559;52.31;396914.0;39.497;34.3;8.996;05.lut;27717.847;;235.954;13.17;03.sty;20.kwi;;02.wrz;73.92;0.814;;;;
North America;Bahamas;26.08.2021;17717.0;102.0;124.143;343.0;0.0;3.857;44636.873;256.983;312.77;864.167;0.0;9.718;01.lis;;;;;;;;;;;;;;;;;;;;;;;3168.0;;;;;7982.0;2580.0;0.65;52.31;396914.0;39.497;34.3;8.996;05.lut;27717.847;;235.954;13.17;03.sty;20.kwi;;02.wrz;73.92;0.814;;;;
North America;Bahamas;27.08.2021;17940.0;223.0;139.714;354.0;11.0;3.429;45198.708;561.835;352.001;891.881;27.714;8.638;01.sty;;;;;;;;;;;;;;;;;;;;;;;3473.0;;;;;8750.0;2943.0;0.741;52.31;396914.0;39.497;34.3;8.996;05.lut;27717.847;;235.954;13.17;03.sty;20.kwi;;02.wrz;73.92;0.814;;;;
North America;Bahamas;28.08.2021;17940.0;0.0;139.714;354.0;0.0;3.429;45198.708;0.0;352.001;891.881;0.0;8.638;01.wrz;;;;;;;;;;;;;;;;;;146738.0;91967.0;57593.0;;;3213.0;36.97;23.17;14.51;;8095.0;2992.0;0.754;52.31;396914.0;39.497;34.3;8.996;05.lut;27717.847;;235.954;13.17;03.sty;20.kwi;;02.wrz;73.92;0.814;;;;
North America;Bahamas;29.08.2021;17940.0;0.0;139.714;354.0;0.0;3.429;45198.708;0.0;352.001;891.881;0.0;8.638;01.wrz;;;;;;;;;;;;;;;;;;;;;;;2835.0;;;;;7143.0;2887.0;0.727;52.31;396914.0;39.497;34.3;8.996;05.lut;27717.847;;235.954;13.17;03.sty;20.kwi;;02.wrz;73.92;0.814;;;;
North America;Bahamas;30.08.2021;18139.0;199.0;107.571;354.0;0.0;2.286;45700.076;501.368;271.019;891.881;0.0;5.759;01.sie;;;;;;;;;;;;;;;;;;;;;;;2717.0;;;;;6845.0;2734.0;0.689;52.31;396914.0;39.497;34.3;8.996;05.lut;27717.847;;235.954;13.17;03.sty;20.kwi;;02.wrz;73.92;0.814;;;;
North America;Bahamas;31.08.2021;18139.0;0.0;84.857;354.0;0.0;2.286;45700.076;0.0;213.792;891.881;0.0;5.759;01.lip;;;;;;;;;;;;;;;;;;;;;;;2598.0;;;;;6545.0;2581.0;0.65;52.31;396914.0;39.497;34.3;8.996;05.lut;27717.847;;235.954;13.17;03.sty;20.kwi;;02.wrz;73.92;0.814;;;;
North America;Bahamas;01.09.2021;18139.0;0.0;74.857;381.0;27.0;5.429;45700.076;0.0;188.598;959.906;68.025;13.677;01.sie;;;;;;;;;;;;;;;;;;;;;;;2480.0;;;;;6248.0;2428.0;0.612;52.31;396914.0;39.497;34.3;8.996;05.lut;27717.847;;235.954;13.17;03.sty;20.kwi;;02.wrz;73.92;0.814;;;;
North America;Bahamas;02.09.2021;18576.0;437.0;122.714;412.0;31.0;9.857;46801.07;1100.994;309.171;1038.008;78.103;24.834;01.sie;;;;;;;;;;;;;;;;;;;;;;;2362.0;;;;;5951.0;2275.0;0.573;52.31;396914.0;39.497;34.3;8.996;05.lut;27717.847;;235.954;13.17;03.sty;20.kwi;;02.wrz;73.92;0.814;;;;
North America;Bahamas;03.09.2021;18694.0;118.0;107.714;412.0;0.0;8.286;47098.364;297.294;271.379;1038.008;0.0;20.875;01.lip;;;;;;;;;;;;;;;;;;;;;;;2243.0;;;;;5651.0;2122.0;0.535;52.31;396914.0;39.497;34.3;8.996;05.lut;27717.847;;235.954;13.17;03.sty;20.kwi;;02.wrz;73.92;0.814;;;;
North America;Bahamas;04.09.2021;18694.0;0.0;107.714;412.0;0.0;8.286;47098.364;0.0;271.379;1038.008;0.0;20.875;01.cze;;;;;;;;;;;;;;;;;;161613.0;105753.0;59002.0;;;2125.0;40.72;26.64;14.87;;5354.0;1969.0;0.496;52.31;396914.0;39.497;34.3;8.996;05.lut;27717.847;;235.954;13.17;03.sty;20.kwi;;02.wrz;73.92;0.814;;;;
North America;Bahamas;05.09.2021;18694.0;0.0;107.714;412.0;0.0;8.286;47098.364;0.0;271.379;1038.008;0.0;20.875;01.maj;;;;;;;;;;;;;;;;;;;;;;;2096.0;;;;;5281.0;1749.0;0.441;52.31;396914.0;39.497;34.3;8.996;05.lut;27717.847;;235.954;13.17;03.sty;20.kwi;;02.wrz;73.92;0.814;;;;
North America;Bahamas;06.09.2021;18853.0;159.0;102.0;439.0;27.0;12.143;47498.954;400.591;256.983;1106.033;68.025;30.593;01.kwi;;;;;;;;;;;;;;;;;;;;;;;2066.0;;;;;5205.0;1529.0;0.385;52.31;396914.0;39.497;34.3;8.996;05.lut;27717.847;;235.954;13.17;03.sty;20.kwi;;02.wrz;73.92;0.814;;;;
North America;Bahamas;07.09.2021;19035.0;182.0;128.0;453.0;14.0;14.143;47957.492;458.538;322.488;1141.305;35.272;35.632;01.kwi;;;;;;;;;;;;;;;;;;;;;;;2037.0;;;;;5132.0;1309.0;0.33;52.31;396914.0;39.497;34.3;8.996;05.lut;27717.847;;235.954;13.17;03.sty;20.kwi;;02.wrz;73.92;0.814;;;;
North America;Bahamas;08.09.2021;19035.0;0.0;128.0;453.0;0.0;10.286;47957.492;0.0;322.488;1141.305;0.0;25.914;01.mar;;;;;;;;;;;;;;;;;;;;;;;2008.0;;;;;5059.0;1089.0;0.274;52.31;396914.0;39.497;34.3;8.996;05.lut;27717.847;;235.954;13.17;03.sty;20.kwi;;02.wrz;73.92;0.814;;;;
North America;Bahamas;09.09.2021;19139.0;104.0;80.429;453.0;0.0;5.857;48219.514;262.021;202.635;1141.305;0.0;14.757;01.mar;;;;;;;;;;;;;;;;;;;;;;;1978.0;;;;;4983.0;869.0;0.219;52.31;396914.0;39.497;34.3;8.996;05.lut;27717.847;;235.954;13.17;03.sty;20.kwi;;02.wrz;73.92;0.814;;;;
North America;Bahamas;10.09.2021;19275.0;136.0;83.0;453.0;0.0;5.857;48562.157;342.643;209.113;1141.305;0.0;14.757;01.lut;;;;;;;;;;;;;;;;;;173130.0;;65915.0;;;1949.0;43.62;;16.61;;4910.0;649.0;0.164;52.31;396914.0;39.497;34.3;8.996;05.lut;27717.847;;235.954;13.17;03.sty;20.kwi;;02.wrz;73.92;0.814;;;;
North America;Bahamas;11.09.2021;19335.0;60.0;91.571;453.0;0.0;5.857;48713.323;151.166;230.708;1141.305;0.0;14.757;01.lut;;;;;;;;;;;;;;;;;;;;;;;1847.0;;;;;4653.0;429.0;0.108;52.31;396914.0;39.497;34.3;8.996;05.lut;27717.847;;235.954;13.17;03.sty;20.kwi;;02.wrz;73.92;0.814;;;;
North America;Bahamas;12.09.2021;19335.0;0.0;91.571;453.0;0.0;5.857;48713.323;0.0;230.708;1141.305;0.0;14.757;01.sty;;;;;;;;;;;;;;;;;;;;;;;1775.0;;;;;4472.0;429.0;0.108;52.31;396914.0;39.497;34.3;8.996;05.lut;27717.847;;235.954;13.17;03.sty;20.kwi;;02.wrz;73.92;0.814;;;;
North America;Bahamas;13.09.2021;19601.0;266.0;106.857;463.0;10.0;3.429;49383.494;670.17;269.22;1166.5;25.194;8.638;01.sty;;;;;;;;;;;;;;;;;;;;;;;1702.0;;;;;4288.0;429.0;0.108;52.31;396914.0;39.497;34.3;8.996;05.lut;27717.847;;235.954;13.17;03.sty;20.kwi;;02.wrz;73.92;0.814;;;;
North America;Bahamas;14.09.2021;19601.0;0.0;80.857;463.0;0.0;1.429;49383.494;0.0;203.715;1166.5;0.0;3.599;1.0;;;;;;;;;;;;;;;;;;;;;;;1630.0;;;;;4107.0;429.0;0.108;52.31;396914.0;39.497;34.3;8.996;05.lut;27717.847;;235.954;13.17;03.sty;20.kwi;;02.wrz;73.92;0.814;;;;
North America;Bahamas;15.09.2021;19795.0;194.0;108.571;469.0;6.0;2.286;49872.265;488.771;273.539;1181.616;15.117;5.759;1.0;;;;;;;;;;;;;;;;;;;;;;;1557.0;;;;;3923.0;429.0;0.108;52.31;396914.0;39.497;34.3;8.996;05.lut;27717.847;;235.954;13.17;03.sty;20.kwi;;02.wrz;73.92;0.814;;;;
North America;Bahamas;16.09.2021;19795.0;0.0;93.714;469.0;0.0;2.286;49872.265;0.0;236.107;1181.616;0.0;5.759;0.99;;;;;;;;;;;;;;;;;;;;;;;1485.0;;;;;3741.0;429.0;0.108;52.31;396914.0;39.497;34.3;8.996;05.lut;27717.847;;235.954;13.17;03.sty;20.kwi;;02.wrz;73.92;0.814;;;;
North America;Bahamas;17.09.2021;20030.0;235.0;107.857;504.0;35.0;7.286;50464.332;592.068;271.739;1269.796;88.18;18.356;0.99;;;;;;;;;;;;;;;;;;;;;;;1413.0;;;;;3560.0;429.0;0.108;49.54;396914.0;39.497;34.3;8.996;05.lut;27717.847;;235.954;13.17;03.sty;20.kwi;;02.wrz;73.92;0.814;;;;
North America;Bahamas;18.09.2021;20030.0;0.0;99.286;504.0;0.0;7.286;50464.332;0.0;250.144;1269.796;0.0;18.356;0.98;;;;;;;;;;;;;;;;;;184431.0;;;;;1413.0;46.47;;;;3560.0;429.0;0.108;49.54;396914.0;39.497;34.3;8.996;05.lut;27717.847;;235.954;13.17;03.sty;20.kwi;;02.wrz;73.92;0.814;;;;
North America;Bahamas;19.09.2021;20030.0;0.0;99.286;504.0;0.0;7.286;50464.332;0.0;250.144;1269.796;0.0;18.356;0.97;;;;;;;;;;;;;;;;;;;;;;;1212.0;;;;;3054.0;429.0;0.108;49.54;396914.0;39.497;34.3;8.996;05.lut;27717.847;;235.954;13.17;03.sty;20.kwi;;02.wrz;73.92;0.814;;;;
North America;Bahamas;20.09.2021;20215.0;185.0;87.714;510.0;6.0;6.714;50930.428;466.096;220.991;1284.913;15.117;16.916;0.96;;;;;;;;;;;;;;;;;;;;;;;1010.0;;;;;2545.0;429.0;0.108;49.54;396914.0;39.497;34.3;8.996;05.lut;27717.847;;235.954;13.17;03.sty;20.kwi;;02.wrz;73.92;0.814;;;;
North America;Bahamas;21.09.2021;20288.0;73.0;98.143;512.0;2.0;7.0;51114.347;183.919;247.265;1289.952;5.039;17.636;0.96;;;;;;;;;;142910.0;360.053;;;;;;tests performed;;;;;;809.0;;;;;2038.0;429.0;0.108;49.54;396914.0;39.497;34.3;8.996;05.lut;27717.847;;235.954;13.17;03.sty;20.kwi;;02.wrz;73.92;0.814;;;;
North America;Bahamas;22.09.2021;20288.0;0.0;70.429;512.0;0.0;6.143;51114.347;0.0;177.44;1289.952;0.0;15.477;0.95;;;;;;;;;329.0;143239.0;360.882;0.829;;;;;tests performed;;;;;;608.0;;;;;1532.0;429.0;0.108;49.54;396914.0;39.497;34.3;8.996;05.lut;27717.847;;235.954;13.17;03.sty;20.kwi;;02.wrz;73.92;0.814;;;;
North America;Bahamas;23.09.2021;20288.0;0.0;70.429;512.0;0.0;6.143;51114.347;0.0;177.44;1289.952;0.0;15.477;0.95;;;;;;;;;530.0;143769.0;362.217;1.335;;;;;tests performed;;;;;;407.0;;;;;1025.0;429.0;0.108;49.54;396914.0;39.497;34.3;8.996;05.lut;27717.847;;235.954;13.17;03.sty;20.kwi;;02.wrz;73.92;0.814;;;;
North America;Bahamas;24.09.2021;20603.0;315.0;81.857;522.0;10.0;2.571;51907.97;793.623;206.234;1315.146;25.194;6.479;0.95;;;;;;;;;594.0;144363.0;363.714;1.497;;;;;tests performed;184461.0;114333.0;70128.0;;;206.0;46.47;28.81;17.67;;519.0;429.0;0.108;49.54;396914.0;39.497;34.3;8.996;05.lut;27717.847;;235.954;13.17;03.sty;20.kwi;;02.wrz;73.92;0.814;;;;
North America;Bahamas;25.09.2021;20603.0;0.0;81.857;522.0;0.0;2.571;51907.97;0.0;206.234;1315.146;0.0;6.479;0.94;;;;;;;;;407.0;144770.0;364.739;1.025;;;;;tests performed;;;;;;480.0;;;;;1209.0;569.0;0.143;49.54;396914.0;39.497;34.3;8.996;05.lut;27717.847;;235.954;13.17;03.sty;20.kwi;;02.wrz;73.92;0.814;;;;
North America;Bahamas;26.09.2021;20603.0;0.0;81.857;522.0;0.0;2.571;51907.97;0.0;206.234;1315.146;0.0;6.479;0.93;;;;;;;;;272.0;145042.0;365.424;0.685;;;;;tests performed;;;;;;956.0;;;;;2409.0;709.0;0.179;49.54;396914.0;39.497;34.3;8.996;05.lut;27717.847;;235.954;13.17;03.sty;20.kwi;;02.wrz;73.92;0.814;;;;
North America;Bahamas;27.09.2021;20775.0;172.0;80.0;523.0;1.0;1.857;52341.313;433.343;201.555;1317.666;2.519;4.679;0.91;;;;;;;;;;;;;;;;;tests performed;;;;;;1431.0;;;;;3605.0;850.0;0.214;49.54;396914.0;39.497;34.3;8.996;05.lut;27717.847;;235.954;13.17;03.sty;20.kwi;;02.wrz;73.92;0.814;;;;
North America;Bahamas;28.09.2021;20842.0;67.0;79.143;523.0;0.0;1.571;52510.116;168.802;199.395;1317.666;0.0;3.959;0.9;;;;;;;;;;;;;437.0;1.101;0.1811;05.maj;tests performed;;;;;;1906.0;;;;;4802.0;990.0;0.249;49.54;396914.0;39.497;34.3;8.996;05.lut;27717.847;;235.954;13.17;03.sty;20.kwi;;02.wrz;73.92;0.814;;;;
North America;Bahamas;29.09.2021;20984.0;142.0;99.429;531.0;8.0;2.714;52867.876;357.76;250.504;1337.821;20.155;6.838;0.89;;;;;;;;;;;;;456.0;1.149;0.218;04.cze;tests performed;;;;;;2381.0;;;;;5999.0;1130.0;0.285;49.54;396914.0;39.497;34.3;8.996;05.lut;27717.847;;235.954;13.17;03.sty;20.kwi;;02.wrz;73.92;0.814;;;;
North America;Bahamas;30.09.2021;20984.0;0.0;99.429;531.0;0.0;2.714;52867.876;0.0;250.504;1337.821;0.0;6.838;0.88;;;;;;;;;;;;;447.0;1.126;0.2224;04.maj;tests performed;;;;;;2857.0;;;;;7198.0;1270.0;0.32;49.54;396914.0;39.497;34.3;8.996;05.lut;27717.847;;235.954;13.17;03.sty;20.kwi;;02.wrz;73.92;0.814;;;;
North America;Bahamas;01.10.2021;21114.0;130.0;73.0;533.0;2.0;1.571;53195.403;327.527;183.919;1342.86;5.039;3.959;0.87;;;;;;;;;;147362.0;371.269;;428.0;1.078;0.1706;05.wrz;tests performed;207784.0;124207.0;88265.0;;;3332.0;52.35;31.29;22.24;;8395.0;1411.0;0.355;52.31;396914.0;39.497;34.3;8.996;05.lut;27717.847;;235.954;13.17;03.sty;20.kwi;;02.wrz;73.92;0.814;;;;
North America;Bahamas;02.10.2021;21114.0;0.0;73.0;533.0;0.0;1.571;53195.403;0.0;183.919;1342.86;0.0;3.959;0.85;;;;;;;;;271.0;147633.0;371.952;0.683;409.0;01.mar;0.1785;05.cze;tests performed;;;;;;3198.0;;;;;8057.0;1309.0;0.33;52.31;396914.0;39.497;34.3;8.996;05.lut;27717.847;;235.954;13.17;03.sty;20.kwi;;02.wrz;73.92;0.814;;;;
North America;Bahamas;03.10.2021;21114.0;0.0;73.0;533.0;0.0;1.571;53195.403;0.0;183.919;1342.86;0.0;3.959;0.84;;;;;;;;;;;;;421.0;1.061;0.1734;05.sie;tests performed;;;;;;3063.0;;;;;7717.0;1208.0;0.304;52.31;396914.0;39.497;34.3;8.996;05.lut;27717.847;;235.954;13.17;03.sty;20.kwi;;02.wrz;73.92;0.814;;;;
North America;Bahamas;04.10.2021;21312.0;198.0;76.714;557.0;24.0;4.857;53694.251;498.849;193.277;1403.327;60.466;12.237;0.83;;;;;;;;;;;;;405.0;01.lut;0.1894;05.mar;tests performed;;;;;;2929.0;;;;;7379.0;1107.0;0.279;52.31;396914.0;39.497;34.3;8.996;05.lut;27717.847;;235.954;13.17;03.sty;20.kwi;;02.wrz;73.92;0.814;;;;
North America;Bahamas;05.10.2021;21312.0;0.0;67.143;557.0;0.0;4.857;53694.251;0.0;169.162;1403.327;0.0;12.237;0.81;;;;;;;;;;;;;390.0;0.983;0.1722;05.sie;tests performed;;;;;;2795.0;;;;;7042.0;1006.0;0.253;52.31;396914.0;39.497;34.3;8.996;05.lut;27717.847;;235.954;13.17;03.sty;20.kwi;;02.wrz;73.92;0.814;;;;
North America;Bahamas;06.10.2021;21458.0;146.0;67.714;582.0;25.0;7.286;54062.089;367.838;170.602;1466.313;62.986;18.356;0.8;;;;;;;;;;;;;374.0;0.942;0.1811;05.maj;tests performed;;;;;;2661.0;;;;;6704.0;904.0;0.228;49.54;396914.0;39.497;34.3;8.996;05.lut;27717.847;;235.954;13.17;03.sty;20.kwi;;02.wrz;73.92;0.814;;;;
North America;Bahamas;07.10.2021;21518.0;60.0;76.286;586.0;4.0;7.857;54213.255;151.166;192.197;1476.39;10.078;19.796;0.78;;;;;;;;;;;;;358.0;0.902;0.2131;04.lip;tests performed;;;;;;2527.0;;;;;6367.0;803.0;0.202;49.54;396914.0;39.497;34.3;8.996;05.lut;27717.847;;235.954;13.17;03.sty;20.kwi;;02.wrz;73.92;0.814;;;;
North America;Bahamas;08.10.2021;21580.0;62.0;66.571;590.0;4.0;8.143;54369.46;156.205;167.723;1486.468;10.078;20.515;0.76;;;;;;;;;;;;;343.0;0.864;0.1941;05.lut;tests performed;224531.0;129121.0;100098.0;;;2392.0;56.57;32.53;25.22;;6026.0;702.0;0.177;49.54;396914.0;39.497;34.3;8.996;05.lut;27717.847;;235.954;13.17;03.sty;20.kwi;;02.wrz;73.92;0.814;;;;
North America;Bahamas;09.10.2021;21580.0;0.0;66.571;590.0;0.0;8.143;54369.46;0.0;167.723;1486.468;0.0;20.515;0.74;;;;;;;;;;;;;355.0;0.894;0.1875;05.mar;tests performed;;;;;;2334.0;;;;;5880.0;623.0;0.157;49.54;396914.0;39.497;34.3;8.996;05.lut;27717.847;;235.954;13.17;03.sty;20.kwi;;02.wrz;73.92;0.814;;;;
North America;Bahamas;10.10.2021;21580.0;0.0;66.571;590.0;0.0;8.143;54369.46;0.0;167.723;1486.468;0.0;20.515;0.73;;;;;;;;;;;;;355.0;0.894;0.1875;05.mar;tests performed;;;;;;2276.0;;;;;5734.0;544.0;0.137;49.54;396914.0;39.497;34.3;8.996;05.lut;27717.847;;235.954;13.17;03.sty;20.kwi;;02.wrz;73.92;0.814;;;;
North America;Bahamas;11.10.2021;21580.0;0.0;38.286;590.0;0.0;4.714;54369.46;0.0;96.458;1486.468;0.0;11.877;0.71;;;;;;;;;;;;;355.0;0.894;0.1078;09.mar;tests performed;;;;;;2218.0;;;;;5588.0;465.0;0.117;49.54;396914.0;39.497;34.3;8.996;05.lut;27717.847;;235.954;13.17;03.sty;20.kwi;;02.wrz;73.92;0.814;;;;
North America;Bahamas;12.10.2021;21580.0;0.0;38.286;590.0;0.0;4.714;54369.46;0.0;96.458;1486.468;0.0;11.877;0.7;;;;;;;;;;;;;355.0;0.894;0.1078;09.mar;tests performed;;;;;;2160.0;;;;;5442.0;386.0;0.097;49.54;396914.0;39.497;34.3;8.996;05.lut;27717.847;;235.954;13.17;03.sty;20.kwi;;02.wrz;73.92;0.814;;;;
North America;Bahamas;13.10.2021;21580.0;0.0;17.429;590.0;0.0;1.143;54369.46;0.0;43.91;1486.468;0.0;2.879;0.69;;;;;;;;;;;;;355.0;0.894;0.0491;20.kwi;tests performed;;;;;;2102.0;;;;;5296.0;307.0;0.077;49.54;396914.0;39.497;34.3;8.996;05.lut;27717.847;;235.954;13.17;03.sty;20.kwi;;02.wrz;73.92;0.814;;;;
North America;Bahamas;14.10.2021;21580.0;0.0;8.857;590.0;0.0;0.571;54369.46;0.0;22.315;1486.468;0.0;sty.44;0.69;;;;;;;;;;;;;355.0;0.894;0.0249;40.1;tests performed;;;;;;2044.0;;;;;5150.0;228.0;0.057;49.54;396914.0;39.497;34.3;8.996;05.lut;27717.847;;235.954;13.17;03.sty;20.kwi;;02.wrz;73.92;0.814;;;;
North America;Bahamas;15.10.2021;21580.0;0.0;0.0;590.0;0.0;0.0;54369.46;0.0;0.0;1486.468;0.0;0.0;0.69;;;;;;;;;;;;;355.0;0.894;0.0;;tests performed;238432.0;;110710.0;;;1986.0;60.07;;27.89;;5004.0;149.0;0.038;49.54;396914.0;39.497;34.3;8.996;05.lut;27717.847;;235.954;13.17;03.sty;20.kwi;;02.wrz;73.92;0.814;;;;
North America;Bahamas;16.10.2021;21580.0;0.0;0.0;590.0;0.0;0.0;54369.46;0.0;0.0;1486.468;0.0;0.0;0.7;;;;;;;;;;;;;355.0;0.894;0.0;;tests performed;;;;;;1820.0;;;;;4585.0;149.0;0.038;49.54;396914.0;39.497;34.3;8.996;05.lut;27717.847;;235.954;13.17;03.sty;20.kwi;;02.wrz;73.92;0.814;;;;
North America;Bahamas;17.10.2021;21580.0;0.0;0.0;590.0;0.0;0.0;54369.46;0.0;0.0;1486.468;0.0;0.0;0.7;;;;;;;;;;;;;355.0;0.894;0.0;;tests performed;;;;;;1655.0;;;;;4170.0;149.0;0.038;49.54;396914.0;39.497;34.3;8.996;05.lut;27717.847;;235.954;13.17;03.sty;20.kwi;;02.wrz;73.92;0.814;;;;
North America;Bahamas;18.10.2021;21978.0;398.0;56.857;626.0;36.0;5.143;55372.196;1002.736;143.248;1577.168;90.7;12.957;0.71;;;;;;;;;;;;;355.0;0.894;0.1602;06.lut;tests performed;;;;;;1489.0;;;;;3751.0;149.0;0.038;49.54;396914.0;39.497;34.3;8.996;05.lut;27717.847;;235.954;13.17;03.sty;20.kwi;;02.wrz;73.92;0.814;;;;
North America;Bahamas;19.10.2021;22048.0;70.0;66.857;626.0;0.0;5.143;55548.557;176.361;168.442;1577.168;0.0;12.957;0.71;;;;;;;;;;;;;355.0;0.894;0.1883;05.mar;tests performed;;;;;;1324.0;;;;;3336.0;149.0;0.038;49.54;396914.0;39.497;34.3;8.996;05.lut;27717.847;;235.954;13.17;03.sty;20.kwi;;02.wrz;73.92;0.814;;;;
North America;Bahamas;20.10.2021;22092.0;44.0;73.143;626.0;0.0;5.143;55659.412;110.855;184.279;1577.168;0.0;12.957;0.71;;;;;;;;;;;;;355.0;0.894;0.206;04.wrz;tests performed;;;;;;1158.0;;;;;2918.0;149.0;0.038;49.54;396914.0;39.497;34.3;8.996;05.lut;27717.847;;235.954;13.17;03.sty;20.kwi;;02.wrz;73.92;0.814;;;;
North America;Bahamas;21.10.2021;22154.0;62.0;82.0;630.0;4.0;5.714;55815.617;156.205;206.594;1587.246;10.078;14.397;0.72;;;;;;;;;;;;;355.0;0.894;0.231;04.mar;tests performed;;;;;;993.0;;;;;2502.0;149.0;0.038;49.54;396914.0;39.497;34.3;8.996;05.lut;27717.847;;235.954;13.17;03.sty;20.kwi;;02.wrz;73.92;0.814;;;;
North America;Bahamas;22.10.2021;22179.0;25.0;85.571;642.0;12.0;7.429;55878.603;62.986;215.592;1617.479;30.233;18.716;0.72;;;;;;;;;;154726.0;389.822;;355.0;0.894;0.241;04.sty;tests performed;244223.0;;114612.0;;;827.0;61.53;;28.88;;2084.0;149.0;0.038;39.35;396914.0;39.497;34.3;8.996;05.lut;27717.847;;235.954;13.17;03.sty;20.kwi;;02.wrz;73.92;0.814;;;;
North America;Bahamas;23.10.2021;22179.0;0.0;85.571;642.0;0.0;7.429;55878.603;0.0;215.592;1617.479;0.0;18.716;0.73;;;;;;;;;;;;;348.0;0.877;0.2459;04.sty;tests performed;;;;;;931.0;;;;;2346.0;149.0;0.038;39.35;396914.0;39.497;34.3;8.996;05.lut;27717.847;;235.954;13.17;03.sty;20.kwi;;02.wrz;73.92;0.814;;;;
North America;Bahamas;24.10.2021;22179.0;0.0;85.571;642.0;0.0;7.429;55878.603;0.0;215.592;1617.479;0.0;18.716;0.73;;;;;;;;;;;;;341.0;0.859;0.2509;4.0;tests performed;;;;;;1034.0;;;;;2605.0;149.0;0.038;39.35;396914.0;39.497;34.3;8.996;05.lut;27717.847;;235.954;13.17;03.sty;20.kwi;;02.wrz;73.92;0.814;;;;
North America;Bahamas;25.10.2021;22259.0;80.0;40.143;642.0;0.0;2.286;56080.158;201.555;101.137;1617.479;0.0;5.759;0.74;;;;;;;;;;155645.0;392.138;;334.0;0.841;0.1202;08.mar;tests performed;;;;;;1138.0;;;;;2867.0;149.0;0.038;39.35;396914.0;39.497;34.3;8.996;05.lut;27717.847;;235.954;13.17;03.sty;20.kwi;;02.wrz;73.92;0.814;;;;
North America;Bahamas;26.10.2021;22259.0;0.0;30.143;642.0;0.0;2.286;56080.158;0.0;75.943;1617.479;0.0;5.759;0.74;;;;;;;;;;;;;326.0;0.821;0.0925;10.sie;tests performed;;;;;;1241.0;;;;;3127.0;149.0;0.038;39.35;396914.0;39.497;34.3;8.996;05.lut;27717.847;;235.954;13.17;03.sty;20.kwi;;02.wrz;73.92;0.814;;;;
North America;Bahamas;27.10.2021;22259.0;0.0;23.857;642.0;0.0;2.286;56080.158;0.0;60.107;1617.479;0.0;5.759;0.75;;;;;;;;;;;;;319.0;0.804;0.0748;13.kwi;tests performed;;;;;;1345.0;;;;;3389.0;149.0;0.038;39.35;396914.0;39.497;34.3;8.996;05.lut;27717.847;;235.954;13.17;03.sty;20.kwi;;02.wrz;73.92;0.814;;;;
North America;Bahamas;28.10.2021;22351.0;92.0;28.143;643.0;1.0;1.857;56311.947;231.788;70.904;1619.998;2.519;4.679;0.76;;;;;;;;;;156547.0;394.41;;311.0;0.784;0.0905;11.sty;tests performed;;;;;;1448.0;;;;;3648.0;149.0;0.038;39.35;396914.0;39.497;34.3;8.996;05.lut;27717.847;;235.954;13.17;03.sty;20.kwi;;02.wrz;73.92;0.814;;;;
North America;Bahamas;29.10.2021;22351.0;0.0;24.571;643.0;0.0;0.143;56311.947;0.0;61.906;1619.998;0.0;0.36;0.77;;;;;;;;;571.0;157118.0;395.849;1.439;342.0;0.862;0.0718;13.wrz;tests performed;255085.0;132240.0;122845.0;;;1552.0;64.27;33.32;30.95;;3910.0;149.0;0.038;39.35;396914.0;39.497;34.3;8.996;05.lut;27717.847;;235.954;13.17;03.sty;20.kwi;;02.wrz;73.92;0.814;;;;
North America;Bahamas;30.10.2021;22351.0;0.0;24.571;643.0;0.0;0.143;56311.947;0.0;61.906;1619.998;0.0;0.36;0.78;;;;;;;;;;;;;339.0;0.854;0.0725;13.sie;tests performed;;;;;;1508.0;;;;;3799.0;362.0;0.091;39.35;396914.0;39.497;34.3;8.996;05.lut;27717.847;;235.954;13.17;03.sty;20.kwi;;02.wrz;73.92;0.814;;;;
North America;Bahamas;31.10.2021;22351.0;0.0;24.571;643.0;0.0;0.143;56311.947;0.0;61.906;1619.998;0.0;0.36;0.79;;;;;;;;;;;;;336.0;0.847;0.0731;13.lip;tests performed;;;;;;1464.0;;;;;3688.0;575.0;0.145;39.35;396914.0;39.497;34.3;8.996;05.lut;27717.847;;235.954;13.17;03.sty;20.kwi;;02.wrz;73.92;0.814;;;;
North America;Bahamas;01.11.2021;22407.0;56.0;21.143;643.0;0.0;0.143;56453.035;141.088;53.268;1619.998;0.0;0.36;0.8;;;;;;;;;;157976.0;398.011;;333.0;0.839;0.0635;15.lip;tests performed;;;;;;1420.0;;;;;3578.0;788.0;0.199;39.35;396914.0;39.497;34.3;8.996;05.lut;27717.847;;235.954;13.17;03.sty;20.kwi;;02.wrz;73.92;0.814;;;;
North America;Bahamas;02.11.2021;22429.0;22.0;24.286;643.0;0.0;0.143;56508.463;55.428;61.186;1619.998;0.0;0.36;0.81;;;;;;;;;;;;;339.0;0.854;0.0716;14.0;tests performed;;;;;;1376.0;;;;;3467.0;1001.0;0.252;39.35;396914.0;39.497;34.3;8.996;05.lut;27717.847;;235.954;13.17;03.sty;20.kwi;;02.wrz;73.92;0.814;;;;
North America;Bahamas;03.11.2021;22429.0;0.0;24.286;643.0;0.0;0.143;56508.463;0.0;61.186;1619.998;0.0;0.36;0.82;;;;;;;;;;158661.0;399.736;;345.0;0.869;0.0704;14.lut;tests performed;;;;;;1332.0;;;;;3356.0;1214.0;0.306;39.35;396914.0;39.497;34.3;8.996;05.lut;27717.847;;235.954;13.17;03.sty;20.kwi;;02.wrz;73.92;0.814;;;;
North America;Bahamas;04.11.2021;22485.0;56.0;19.143;657.0;14.0;2.0;56649.551;141.088;48.229;1655.27;35.272;5.039;0.83;;;;;;;;;;;;;356.0;0.897;0.0538;18.cze;tests performed;;;;;;1288.0;;;;;3245.0;1428.0;0.36;39.35;396914.0;39.497;34.3;8.996;05.lut;27717.847;;235.954;13.17;03.sty;20.kwi;;02.wrz;73.92;0.814;;;;
North America;Bahamas;05.11.2021;22485.0;0.0;19.143;657.0;0.0;2.0;56649.551;0.0;48.229;1655.27;0.0;5.039;0.84;;;;;;;;;;;;;329.0;0.829;0.0582;17.lut;tests performed;263795.0;143726.0;128242.0;;;1244.0;66.46;36.21;32.31;;3134.0;1641.0;0.413;39.35;396914.0;39.497;34.3;8.996;05.lut;27717.847;;235.954;13.17;03.sty;20.kwi;;02.wrz;73.92;0.814;;;;
North America;Bahamas;06.11.2021;22485.0;0.0;19.143;657.0;0.0;2.0;56649.551;0.0;48.229;1655.27;0.0;5.039;0.85;;;;;;;;;;159796.0;402.596;;342.0;0.862;0.056;17.wrz;tests performed;;;;;;1176.0;;;;;2963.0;1463.0;0.369;39.35;396914.0;39.497;34.3;8.996;05.lut;27717.847;;235.954;13.17;03.sty;20.kwi;;02.wrz;73.92;0.814;;;;
North America;Bahamas;07.11.2021;22485.0;0.0;19.143;657.0;0.0;2.0;56649.551;0.0;48.229;1655.27;0.0;5.039;0.87;;;;;;;;;;;;;359.0;0.904;0.0533;18.sie;tests performed;;;;;;1107.0;;;;;2789.0;1284.0;0.323;39.35;396914.0;39.497;34.3;8.996;05.lut;27717.847;;235.954;13.17;03.sty;20.kwi;;02.wrz;73.92;0.814;;;;
North America;Bahamas;08.11.2021;22529.0;44.0;17.429;661.0;4.0;2.571;56760.407;110.855;43.91;1665.348;10.078;6.479;0.88;;;;;;;;;;;;;376.0;0.947;0.0464;21.cze;tests performed;;;;;;1039.0;;;;;2618.0;1106.0;0.279;39.35;396914.0;39.497;34.3;8.996;05.lut;27717.847;;235.954;13.17;03.sty;20.kwi;;02.wrz;73.92;0.814;;;;
North America;Bahamas;09.11.2021;22592.0;63.0;23.286;661.0;0.0;2.571;56919.131;158.725;58.667;1665.348;0.0;6.479;0.89;;;;;;;;;;161010.0;405.655;;384.0;0.967;0.0606;16.maj;tests performed;;;;;;970.0;;;;;2444.0;928.0;0.234;39.35;396914.0;39.497;34.3;8.996;05.lut;27717.847;;235.954;13.17;03.sty;20.kwi;;02.wrz;73.92;0.814;;;;
North America;Bahamas;10.11.2021;22544.0;-48.0;16.429;661.0;0.0;2.571;56798.198;-120.933;41.391;1665.348;0.0;6.479;0.9;;;;;;;;;314.0;161324.0;406.446;0.791;380.0;0.957;0.0432;23.sty;tests performed;;;;;;902.0;;;;;2273.0;750.0;0.189;39.35;396914.0;39.497;34.3;8.996;05.lut;27717.847;;235.954;13.17;03.sty;20.kwi;;02.wrz;73.92;0.814;;;;
North America;Bahamas;11.11.2021;22552.0;8.0;9.571;665.0;4.0;1.143;56818.354;20.155;24.115;1675.426;10.078;2.879;0.9;;;;;;;;;330.0;161654.0;407.277;0.831;374.0;0.942;0.0256;39.1;tests performed;;;;;;833.0;;;;;2099.0;571.0;0.144;39.35;396914.0;39.497;34.3;8.996;05.lut;27717.847;;235.954;13.17;03.sty;20.kwi;;02.wrz;73.92;0.814;;;;
North America;Bahamas;12.11.2021;22572.0;20.0;12.429;665.0;0.0;1.143;56868.742;50.389;31.313;1675.426;0.0;2.879;0.9;;;;;;;;;;;;;373.0;0.94;0.0333;30.0;tests performed;;;;;;765.0;;;;;1927.0;393.0;0.099;39.35;396914.0;39.497;34.3;8.996;05.lut;27717.847;;235.954;13.17;03.sty;20.kwi;;02.wrz;73.92;0.814;;;;
North America;Bahamas;13.11.2021;22572.0;0.0;12.429;665.0;0.0;1.143;56868.742;0.0;31.313;1675.426;0.0;2.879;0.91;;;;;;;;;;;;;373.0;0.94;0.0333;30.0;tests performed;;;;;;765.0;;;;;1927.0;393.0;0.099;39.35;396914.0;39.497;34.3;8.996;05.lut;27717.847;;235.954;13.17;03.sty;20.kwi;;02.wrz;73.92;0.814;;;;
North America;Bahamas;14.11.2021;22572.0;0.0;12.429;665.0;0.0;1.143;56868.742;0.0;31.313;1675.426;0.0;2.879;0.91;;;;;;;;;;162783.0;410.122;;369.0;0.93;0.0337;29.lip;tests performed;;;;;;765.0;;;;;1927.0;393.0;0.099;39.35;396914.0;39.497;34.3;8.996;05.lut;27717.847;;235.954;13.17;03.sty;20.kwi;;02.wrz;73.92;0.814;;;;
North America;Bahamas;15.11.2021;22601.0;29.0;10.286;665.0;0.0;0.571;56941.806;73.064;25.914;1675.426;0.0;sty.44;0.92;;;;;;;;;242.0;163025.0;410.731;0.61;346.0;0.872;0.0297;33.6;tests performed;;;;;;765.0;;;;;1927.0;393.0;0.099;39.35;396914.0;39.497;34.3;8.996;05.lut;27717.847;;235.954;13.17;03.sty;20.kwi;;02.wrz;73.92;0.814;;;;
North America;Bahamas;16.11.2021;22613.0;12.0;3.0;669.0;4.0;1.143;56972.039;30.233;7.558;1685.504;10.078;2.879;0.92;;;;;;;;;473.0;163498.0;411.923;1.192;355.0;0.894;0.0085;118.3;tests performed;;;;;;765.0;;;;;1927.0;393.0;0.099;39.35;396914.0;39.497;34.3;8.996;05.lut;27717.847;;235.954;13.17;03.sty;20.kwi;;02.wrz;73.92;0.814;;;;
North America;Bahamas;17.11.2021;22629.0;16.0;12.143;669.0;0.0;1.143;57012.35;40.311;30.593;1685.504;0.0;2.879;0.93;;;;;;;;;390.0;163888.0;412.906;0.983;366.0;0.922;0.0332;30.sty;tests performed;;;;;;765.0;;;;;1927.0;393.0;0.099;39.35;396914.0;39.497;34.3;8.996;05.lut;27717.847;;235.954;13.17;03.sty;20.kwi;;02.wrz;73.92;0.814;;;;
North America;Bahamas;18.11.2021;22640.0;11.0;12.571;671.0;2.0;0.857;57040.064;27.714;31.673;1690.543;5.039;lut.16;0.94;;;;;;;;;472.0;164360.0;414.095;1.189;387.0;0.975;0.0325;30.sie;tests performed;;;;;;765.0;;;;;1927.0;393.0;0.099;39.35;396914.0;39.497;34.3;8.996;05.lut;27717.847;;235.954;13.17;03.sty;20.kwi;;02.wrz;73.92;0.814;;;;
North America;Bahamas;19.11.2021;22655.0;15.0;11.857;671.0;0.0;0.857;57077.856;37.792;29.873;1690.543;0.0;lut.16;0.95;;;;;;;;;299.0;164659.0;414.848;0.753;376.0;0.947;0.0315;31.lip;tests performed;274502.0;149231.0;134481.0;;;765.0;69.16;37.6;33.88;;1927.0;393.0;0.099;39.35;396914.0;39.497;34.3;8.996;05.lut;27717.847;;235.954;13.17;03.sty;20.kwi;;02.wrz;73.92;0.814;;;;
North America;Bahamas;20.11.2021;22655.0;0.0;11.857;671.0;0.0;0.857;57077.856;0.0;29.873;1690.543;0.0;lut.16;0.96;;;;;;;;;;;;;364.0;0.917;0.0326;30.lip;tests performed;;;;;;737.0;;;;;1857.0;372.0;0.094;39.35;396914.0;39.497;34.3;8.996;05.lut;27717.847;;235.954;13.17;03.sty;20.kwi;;02.wrz;73.92;0.814;;;;
North America;Bahamas;21.11.2021;22655.0;0.0;11.857;671.0;0.0;0.857;57077.856;0.0;29.873;1690.543;0.0;lut.16;0.97;;;;;;;;;;165244.0;416.322;;352.0;0.887;0.0337;29.lip;tests performed;;;;;;708.0;;;;;1784.0;352.0;0.089;39.35;396914.0;39.497;34.3;8.996;05.lut;27717.847;;235.954;13.17;03.sty;20.kwi;;02.wrz;73.92;0.814;;;;
North America;Bahamas;22.11.2021;22665.0;10.0;9.143;671.0;0.0;0.857;57103.05;25.194;23.035;1690.543;0.0;lut.16;0.98;;;;;;;;;555.0;165799.0;417.72;1.398;396.0;0.998;0.0231;43.3;tests performed;;;;;;680.0;;;;;1713.0;331.0;0.083;39.35;396914.0;39.497;34.3;8.996;05.lut;27717.847;;235.954;13.17;03.sty;20.kwi;;02.wrz;73.92;0.814;;;;
North America;Bahamas;23.11.2021;22665.0;0.0;7.429;671.0;0.0;0.286;57103.05;0.0;18.716;1690.543;0.0;0.72;1.0;;;;;;;;;296.0;166095.0;418.466;0.746;371.0;0.935;0.02;49.9;tests performed;;;;;;652.0;;;;;1643.0;310.0;0.078;41.67;396914.0;39.497;34.3;8.996;05.lut;27717.847;;235.954;13.17;03.sty;20.kwi;;02.wrz;73.92;0.814;;;;
North America;Bahamas;24.11.2021;22696.0;31.0;9.571;671.0;0.0;0.286;57181.153;78.103;24.115;1690.543;0.0;0.72;01.mar;;;;;;;;;;;;;420.0;1.058;0.0228;43.9;tests performed;;;;;;624.0;;;;;1572.0;289.0;0.073;41.67;396914.0;39.497;34.3;8.996;05.lut;27717.847;;235.954;13.17;03.sty;20.kwi;;02.wrz;73.92;0.814;;;;
North America;Bahamas;25.11.2021;22696.0;0.0;8.0;671.0;0.0;0.0;57181.153;0.0;20.155;1690.543;0.0;0.0;01.kwi;;;;;;;;;;167558.0;422.152;;457.0;1.151;0.0175;57.1;tests performed;;;;;;596.0;;;;;1502.0;269.0;0.068;41.67;396914.0;39.497;34.3;8.996;05.lut;27717.847;;235.954;13.17;03.sty;20.kwi;;02.wrz;73.92;0.814;;;;
North America;Bahamas;26.11.2021;22720.0;24.0;9.286;671.0;0.0;0.0;57241.619;60.466;23.395;1690.543;0.0;0.0;01.cze;;;;;;;;;319.0;167877.0;422.956;0.804;460.0;1.159;0.0202;49.5;tests performed;;;;;;567.0;;;;;1429.0;248.0;0.062;41.67;396914.0;39.497;34.3;8.996;05.lut;27717.847;;235.954;13.17;03.sty;20.kwi;;02.wrz;73.92;0.814;;;;
North America;Bahamas;27.11.2021;22734.0;14.0;11.286;671.0;0.0;0.0;57276.891;35.272;28.434;1690.543;0.0;0.0;01.lip;;;;;;;;;320.0;168197.0;423.762;0.806;464.0;1.169;0.0243;41.1;tests performed;;;;;;567.0;;;;;1429.0;248.0;0.062;41.67;396914.0;39.497;34.3;8.996;05.lut;27717.847;;235.954;13.17;03.sty;20.kwi;;02.wrz;73.92;0.814;;;;
North America;Bahamas;28.11.2021;22734.0;0.0;11.286;671.0;0.0;0.0;57276.891;0.0;28.434;1690.543;0.0;0.0;01.sie;;;;;;;;;253.0;168450.0;424.399;0.637;458.0;1.154;0.0246;40.6;tests performed;;;;;;567.0;;;;;1429.0;248.0;0.062;41.67;396914.0;39.497;34.3;8.996;05.lut;27717.847;;235.954;13.17;03.sty;20.kwi;;02.wrz;73.92;0.814;;;;
North America;Bahamas;29.11.2021;22763.0;29.0;14.0;671.0;0.0;0.0;57349.955;73.064;35.272;1690.543;0.0;0.0;01.sty;;;;;;;;;228.0;168678.0;424.974;0.574;411.0;1.035;0.0341;29.kwi;tests performed;280176.0;151709.0;138266.0;;;567.0;70.59;38.22;34.84;;1429.0;248.0;0.062;47.22;396914.0;39.497;34.3;8.996;05.lut;27717.847;;235.954;13.17;03.sty;20.kwi;;02.wrz;73.92;0.814;;;;
North America;Bahamas;30.11.2021;22791.0;28.0;18.0;671.0;0.0;0.0;57420.499;70.544;45.35;1690.543;0.0;0.0;01.lis;;;;;;;;;346.0;169024.0;425.845;0.872;418.0;1.053;0.0431;23.lut;tests performed;;;;;;588.0;;;;;1481.0;244.0;0.061;47.22;396914.0;39.497;34.3;8.996;05.lut;27717.847;;235.954;13.17;03.sty;20.kwi;;02.wrz;73.92;0.814;;;;
North America;Bahamas;01.12.2021;22802.0;11.0;15.143;677.0;6.0;0.857;57448.213;27.714;38.151;1705.659;15.117;lut.16;01.gru;;;;;;;;;335.0;169359.0;426.689;0.844;362.0;0.912;0.0418;23.wrz;tests performed;;;;;;609.0;;;;;1534.0;240.0;0.06;47.22;396914.0;39.497;34.3;8.996;05.lut;27717.847;;235.954;13.17;03.sty;20.kwi;;02.wrz;73.92;0.814;;;;
North America;Bahamas;02.12.2021;22809.0;7.0;16.143;685.0;8.0;2.0;57465.849;17.636;40.671;1725.815;20.155;5.039;01.gru;;;;;;;;;267.0;169626.0;427.362;0.673;295.0;0.743;0.0547;18.mar;tests performed;;;;;;629.0;;;;;1585.0;236.0;0.059;47.22;396914.0;39.497;34.3;8.996;05.lut;27717.847;;235.954;13.17;03.sty;20.kwi;;02.wrz;73.92;0.814;;;;
North America;Bahamas;03.12.2021;22825.0;16.0;15.0;695.0;10.0;3.429;57506.16;40.311;37.792;1751.009;25.194;8.638;sty.14;;;;;;;;;243.0;169869.0;427.974;0.612;285.0;0.718;0.0526;19.0;tests performed;;;;;;650.0;;;;;1638.0;232.0;0.058;47.22;396914.0;39.497;34.3;8.996;05.lut;27717.847;;235.954;13.17;03.sty;20.kwi;;02.wrz;73.92;0.814;;;;
North America;Bahamas;04.12.2021;22825.0;0.0;13.0;695.0;0.0;3.429;57506.16;0.0;32.753;1751.009;0.0;8.638;sty.15;;;;;;;;;331.0;170200.0;428.808;0.834;286.0;0.721;0.0455;22.0;tests performed;;;;;;671.0;;;;;1691.0;228.0;0.057;47.22;396914.0;39.497;34.3;8.996;05.lut;27717.847;;235.954;13.17;03.sty;20.kwi;;02.wrz;73.92;0.814;;;;
